Rank,Word,Frequency
1,amendments,11
2,proposed,6
3,changes,5
4,requirements,5
5,companies,5
6,governance,4
7,business,4
8,implementation,4
9,provisions,4
10,support,3
11,corporate,3
12,framework,3
13,transparency,3
14,mandatory,3
15,particularly,3
16,appreciate,3
17,compliance,3
18,ensure,3
19,regulatory,3
20,reporting,3
21,board,3
22,flexibility,3
23,strongly,2
24,significantly,2
25,enhance,2
26,disclosure,2
27,concerns,2
28,prepare,2
29,suggest,2
30,penalties,2
31,excessive,2
32,impact,2
33,align,2
34,practices,2
35,help,2
36,provision,2
37,digital,2
38,commendable,2
39,consultation,2
40,regarding,2
41,audit,2
42,composition,2
43,current,2
44,protect,2
45,stakeholder,2
46,interests,2
47,mechanisms,2
48,emerging,2
49,global,2
50,section,2
