id,text,author,category,timestamp
1,"I strongly support the proposed amendments to the corporate governance framework. These changes will significantly enhance transparency and accountability in our business environment. The mandatory disclosure requirements are particularly welcome.","Stakeholder_001","Corporate Governance","2024-01-15 10:30:00"
2,"While I appreciate the intent behind these amendments, I have concerns about the implementation timeline. The 6-month period seems too short for companies to adequately prepare for these changes. I suggest extending it to 12 months.","Business_Representative_002","Implementation","2024-01-15 11:15:00"
3,"The proposed penalties for non-compliance appear excessive and may disproportionately impact smaller enterprises. A graduated penalty structure based on company size would be more equitable and practical.","Small_Business_Owner_003","Compliance","2024-01-15 14:20:00"
4,"I fully endorse these amendments. They align perfectly with international best practices and will help attract foreign investment. The provision for digital filing is especially commendable and will reduce administrative burden.","Industry_Expert_004","Best Practices","2024-01-16 09:45:00"
5,"The consultation process has been thorough and inclusive. However, I believe clause 15.3 regarding audit committee composition needs clarification. The current wording is ambiguous and may lead to implementation difficulties.","Legal_Advisor_005","Legal Clarity","2024-01-16 13:30:00"
6,"These amendments are long overdue. The enhanced director liability provisions will ensure better governance and protect stakeholder interests. I particularly appreciate the whistleblower protection mechanisms included.","Investor_Advocate_006","Director Liability","2024-01-16 16:00:00"
7,"The proposed changes seem burdensome for startups and emerging companies. Consider providing exemptions or relaxed requirements for companies in their initial years of operation to promote entrepreneurship.","Startup_Founder_007","Startup Concerns","2024-01-17 08:15:00"
8,"I have mixed feelings about these amendments. While transparency is important, some provisions may compromise competitive advantages by requiring disclosure of sensitive business information.","Corporate_Executive_008","Confidentiality","2024-01-17 11:00:00"
9,"The amendments show a positive step towards modernizing our regulatory framework. The inclusion of ESG reporting requirements reflects current global trends and will benefit sustainable business practices.","Sustainability_Expert_009","ESG Reporting","2024-01-17 15:45:00"
10,"I object to the proposed changes in section 8.2 regarding board composition. The mandated representation requirements may limit board flexibility and could impact decision-making efficiency.","Board_Member_010","Board Composition","2024-01-18 10:20:00"
11,"The draft legislation addresses most concerns raised during previous consultations. The balanced approach between regulatory oversight and business flexibility is commendable. Implementation support should be provided to ensure smooth transition.","Policy_Analyst_011","Implementation Support","2024-01-18 12:30:00"
12,"While I support increased transparency, the quarterly reporting requirement seems excessive and may increase operational costs significantly. Semi-annual reporting would be more reasonable and cost-effective.","CFO_Representative_012","Reporting Frequency","2024-01-18 14:10:00"
13,"The proposed amendments fail to address the unique challenges faced by listed companies in emerging markets. More flexibility and gradual implementation would be beneficial for market stability.","Market_Analyst_013","Market Impact","2024-01-19 09:30:00"
14,"I appreciate the comprehensive nature of these amendments. The digital compliance portal mentioned in section 12 will greatly simplify regulatory compliance for businesses of all sizes.","Technology_Consultant_014","Digital Solutions","2024-01-19 11:45:00"
15,"The amendments are well-drafted and necessary for improving corporate governance standards. The provision for mandatory training for directors is particularly valuable and should enhance board effectiveness.","Governance_Specialist_015","Director Training","2024-01-19 16:20:00"
16,"I have serious reservations about the retrospective application of certain provisions. This could create legal uncertainties and unfair penalties for past actions that were compliant under previous regulations.","Legal_Scholar_016","Retrospective Application","2024-01-20 08:00:00"
17,"The consultation document is comprehensive, but lacks clarity on enforcement mechanisms. Clear guidelines on how violations will be detected and prosecuted would improve the effectiveness of these amendments.","Regulatory_Expert_017","Enforcement","2024-01-20 10:30:00"
18,"These amendments represent a significant improvement in corporate governance framework. The risk management requirements will help companies better prepare for future challenges and protect stakeholder interests.","Risk_Manager_018","Risk Management","2024-01-20 13:15:00"
19,"The proposed changes are reasonable and align with global standards. However, I suggest including provisions for regular review and updates to ensure the regulations remain relevant and effective.","International_Advisor_019","Regular Review","2024-01-20 15:40:00"
20,"I strongly disagree with the mandatory rotation of auditors every five years. This could disrupt the audit quality and increase costs without proportional benefits. Seven to ten years would be more appropriate.","Auditing_Professional_020","Auditor Rotation","2024-01-21 09:20:00"
